{"info":{"_postman_id":"0c75d811-19ce-4f89-9af1-07a475103b93","name":"petshopSystem ANIMALS","schema":"https://schema.getpostman.com/json/collection/v2.1.0/collection.json"},"item":[{"name":"Add animals","id":"afdbb1d4-d7f1-4706-89fd-8682a26f36de","protocolProfileBehavior":{"disableBodyPruning":true},"request":{"method":"POST","header":[],"body":{"mode":"raw","raw":"{\n    \"name\": \"Luna\",\n    \"species\": \"Cachorro\",\n    \"race\": \"Pitbull\"\n}","options":{"raw":{"language":"json"}}},"url":{"raw":"http://localhost:8080/animals","protocol":"http","host":["localhost"],"port":"8080","path":["animals"]}},"response":[]},{"name":"Get Animals","id":"88bb2a1d-7652-4a21-adef-f5056a4a373f","protocolProfileBehavior":{"disableBodyPruning":true},"request":{"method":"GET","header":[],"url":{"raw":"http://localhost:8080/animals","protocol":"http","host":["localhost"],"port":"8080","path":["animals"]}},"response":[]},{"name":"Find animal by name","id":"27a9f8e6-9333-470b-89ad-4de5b3752024","protocolProfileBehavior":{"disableBodyPruning":true},"request":{"method":"GET","header":[],"url":{"raw":"http://localhost:8080/animals/name/mel","protocol":"http","host":["localhost"],"port":"8080","path":["animals","name","mel"]}},"response":[]},{"name":"Find animal by id","id":"06d87a9c-c486-4943-90af-14ee02400707","protocolProfileBehavior":{"disableBodyPruning":true},"request":{"method":"GET","header":[],"url":{"raw":"http://localhost:8080/animals/id/1","protocol":"http","host":["localhost"],"port":"8080","path":["animals","id","1"]}},"response":[]},{"name":"Update animal by id","id":"b0f3106a-dcfd-4662-9664-033de7b5eba3","protocolProfileBehavior":{"disableBodyPruning":true},"request":{"method":"PUT","header":[],"body":{"mode":"raw","raw":"{\n    \"name\": \"Maggie\",\n    \"species\": \"Cachorro\",\n    \"race\": \"Shitzu\"\n}","options":{"raw":{"language":"json"}}},"url":{"raw":"http://localhost:8080/animals/id/1","protocol":"http","host":["localhost"],"port":"8080","path":["animals","id","1"]}},"response":[]},{"name":"Delete animal","id":"5de2fc31-7123-4957-9b4d-f727a8174349","protocolProfileBehavior":{"disableBodyPruning":true},"request":{"method":"DELETE","header":[],"body":{"mode":"raw","raw":"","options":{"raw":{"language":"json"}}},"url":{"raw":"http://localhost:8080/animals/id/1","protocol":"http","host":["localhost"],"port":"8080","path":["animals","id","1"]}},"response":[]}]}