{"info":{"_postman_id":"6538de44-9581-42d3-918a-1547402f807a","name":"petshopSystem PETSHOPS","schema":"https://schema.getpostman.com/json/collection/v2.1.0/collection.json"},"item":[{"name":"Add petshops","id":"048f7ee3-5e63-49bf-a467-64551f148bc0","protocolProfileBehavior":{"disableBodyPruning":true},"request":{"method":"POST","header":[],"body":{"mode":"raw","raw":"\r\n{\r\n        \"name\": \"Pet Shop A\",\r\n        \"address\": \"Rua A, 123\",\r\n        \"phone\": \"(11) 1111-1111\"\r\n}","options":{"raw":{"language":"json"}}},"url":{"raw":"http://localhost:8080/petshops","protocol":"http","host":["localhost"],"port":"8080","path":["petshops"]}},"response":[]},{"name":"Get petshops","id":"4dbeab0b-161e-4575-b77b-7e3447408493","protocolProfileBehavior":{"disableBodyPruning":true},"request":{"method":"GET","header":[],"url":{"raw":"http://localhost:8080/petshops","protocol":"http","host":["localhost"],"port":"8080","path":["petshops"]}},"response":[]},{"name":"Find petshop by id","id":"17db1db3-ae75-4a0e-ad55-51a68ba03a36","protocolProfileBehavior":{"disableBodyPruning":true},"request":{"method":"GET","header":[],"body":{"mode":"raw","raw":"","options":{"raw":{"language":"json"}}},"url":{"raw":"http://localhost:8080/petshops/1","protocol":"http","host":["localhost"],"port":"8080","path":["petshops","1"]}},"response":[]},{"name":"Update petshop by id","id":"e482273e-3834-4b00-a65b-b0fbf05a6881","protocolProfileBehavior":{"disableBodyPruning":true},"request":{"method":"PUT","header":[],"body":{"mode":"raw","raw":"{\r\n    \"name\": \"Petshop ABC\",\r\n    \"address\": \"Rua XYZ, 123\",\r\n    \"phone\": \"(11) 99999-9999\"\r\n}","options":{"raw":{"language":"json"}}},"url":{"raw":"http://localhost:8080/petshops/1","protocol":"http","host":["localhost"],"port":"8080","path":["petshops","1"]}},"response":[]},{"name":"Delete petshop by id","id":"2a277e4b-8c6a-4214-8e64-81cd3b6f6de5","protocolProfileBehavior":{"disableBodyPruning":true},"request":{"method":"DELETE","header":[],"body":{"mode":"raw","raw":"","options":{"raw":{"language":"json"}}},"url":{"raw":"http://localhost:8080/petshops/id/1","protocol":"http","host":["localhost"],"port":"8080","path":["petshops","id","1"]}},"response":[]},{"name":"Find petshop by name","id":"29f8980e-c15e-42fa-9fcb-99cab7fd8e5a","protocolProfileBehavior":{"disableBodyPruning":true},"request":{"method":"GET","header":[],"url":{"raw":"http://localhost:8080/petshops/name/COLOMBO","protocol":"http","host":["localhost"],"port":"8080","path":["petshops","name","COLOMBO"]}},"response":[]}]}