{"info":{"_postman_id":"bfe972e7-fef0-4ee2-aee1-859555a01527","name":"petshopSystem CUSTOMERS","schema":"https://schema.getpostman.com/json/collection/v2.1.0/collection.json"},"item":[{"name":"Add customer","id":"7ce19f2e-d4eb-44d2-b4a0-e6d2e79af725","protocolProfileBehavior":{"disableBodyPruning":true},"request":{"method":"POST","header":[],"body":{"mode":"raw","raw":"{\n\t\"name\": \"João Dal Lago\",\n\t\"phone\": \"1234567890\",\n\t\"email\": \"joaogabrieldallago@hotmail.com\",\n\t\"petshop\": {\n\t\t\"idPetshop\": 1\n\t}\n}","options":{"raw":{"language":"json"}}},"url":{"raw":"http://localhost:8080/customers","protocol":"http","host":["localhost"],"port":"8080","path":["customers"]}},"response":[]},{"name":"Get  customers","id":"327b85ee-59c0-4c12-9216-715f6acdc729","protocolProfileBehavior":{"disableBodyPruning":true},"request":{"method":"GET","header":[],"body":{"mode":"raw","raw":"","options":{"raw":{"language":"json"}}},"url":{"raw":"http://localhost:8080/customers","protocol":"http","host":["localhost"],"port":"8080","path":["customers"]}},"response":[]},{"name":"Update customer","id":"59d2c8bb-1cc0-4e14-9181-95ca2e4dda3b","protocolProfileBehavior":{"disableBodyPruning":true},"request":{"method":"PUT","header":[],"body":{"mode":"raw","raw":"{\n\t\"name\": \"João Gabriel\",\n\t\"phone\": \"54 99708 9779\",\n\t\"email\": \"joaogabrieldallago@hotmail.com\",\n\t\"petshop\": {\n\t\t\"idPetshop\": 1\n\t}\n}","options":{"raw":{"language":"json"}}},"url":{"raw":"http://localhost:8080/customers/id/1","protocol":"http","host":["localhost"],"port":"8080","path":["customers","id","1"]}},"response":[]},{"name":"Delete customer by id","id":"ff381b4e-6698-4081-b988-09bb8e00326e","protocolProfileBehavior":{"disableBodyPruning":true},"request":{"method":"DELETE","header":[],"url":{"raw":"http://localhost:8080/customers/id/1","protocol":"http","host":["localhost"],"port":"8080","path":["customers","id","1"]}},"response":[]}]}